dataset_id,x_real,y_real
dataset_0,0.0,0.5678089206614846
dataset_0,0.01802352951672717,0.5151461935617524
dataset_0,0.03604705903345434,0.4440645408096944
dataset_0,0.054070588550181514,0.4213927769970002
dataset_0,0.07209411806690869,0.3493134291916114
dataset_0,0.09011764758363586,0.2574187605235763
dataset_0,0.10814117710036303,0.23604111577770776
dataset_0,0.1261647066170902,0.14207731452347686
dataset_0,0.14418823613381737,0.13586523668781555
dataset_0,0.16221176565054454,0.0513271367985168
dataset_0,0.18023529516727171,-0.011752088277359962
dataset_0,0.19825882468399889,-0.0856434816372966
dataset_0,0.21628235420072606,-0.0929300689064129
dataset_0,0.23430588371745323,-0.19266535886485928
dataset_0,0.2523294132341804,-0.26195778372045253
dataset_0,0.2703529427509076,-0.32183312594680796
dataset_0,0.28837647226763474,-0.35937497544501545
dataset_0,0.3064000017843619,-0.4266010535326323
dataset_0,0.3244235313010891,-0.4879800476073985
dataset_0,0.3424470608178163,-0.5502505749469974
dataset_0,0.36047059033454343,-0.56509263974849
dataset_0,0.37849411985127057,-0.6991645560861974
dataset_0,0.39651764936799777,-0.7646523747203837
dataset_0,0.41454117888472497,-0.8353802415339343
dataset_0,0.4325647084014521,-0.8572843316651484
dataset_0,0.45058823791817926,-0.9044725764197228
dataset_0,0.46861176743490646,-1.0003766191395302
dataset_0,0.48663529695163366,-1.0812509188535555
dataset_0,0.5046588264683608,-1.1407108348100503
dataset_0,0.5226823559850879,-1.1585793746116975
dataset_0,0.5407058855018152,-1.2143965056901787
dataset_0,0.5587294150185423,-1.2775615316418556
dataset_0,0.5767529445352695,-1.3680554196645125
dataset_0,0.5947764740519966,-1.3985415161935169
dataset_0,0.6128000035687238,-1.456343326602932
dataset_0,0.630823533085451,-1.5069155687370361
dataset_0,0.6488470626021782,-1.5408544877538053
dataset_0,0.6668705921189053,-1.609959528258898
dataset_0,0.6848941216356326,-1.6468250558804371
dataset_0,0.7029176511523597,-1.7121765175089545
dataset_0,0.7209411806690869,-1.752737030233273
dataset_0,0.738964710185814,-1.7884015302896576
dataset_0,0.7569882397025411,-1.8905871165346653
dataset_0,0.7750117692192684,-1.9007682427780137
dataset_0,0.7930352987359955,-1.9453567995920358
dataset_0,0.8110588282527227,-1.9887115839211453
dataset_0,0.8290823577694499,-2.015374153726715
dataset_0,0.8471058872861771,-2.0008095561910073
dataset_0,0.8651294168029042,-2.1001008289130905
dataset_0,0.8831529463196314,-2.0799569882887745
dataset_0,0.9011764758363585,-2.1835165582915326
dataset_0,0.9192000053530858,-2.173048708440908
dataset_0,0.9372235348698129,-2.1843793181048925
dataset_0,0.9552470643865401,-2.1957315671747275
dataset_0,0.9732705939032673,-2.2133599447202394
dataset_0,0.9912941234199945,-2.2300775875599816
dataset_0,1.0093176529367216,-2.2789554194195776
dataset_0,1.0273411824534489,-2.2968635035043308
dataset_0,1.0453647119701759,-2.2724227705927125
dataset_0,1.0633882414869031,-2.312175862439179
dataset_0,1.0814117710036304,-2.350707513160208
dataset_0,1.0994353005203574,-2.3526552442523307
dataset_0,1.1174588300370847,-2.35037907495333
dataset_0,1.1354823595538117,-2.312179273574732
dataset_0,1.153505889070539,-2.3213754103018864
dataset_0,1.1715294185872662,-2.3030511437121945
dataset_0,1.1895529481039933,-2.3291704535885205
dataset_0,1.2075764776207205,-2.305346691606852
dataset_0,1.2256000071374475,-2.2826409488406028
dataset_0,1.2436235366541748,-2.2970160521850085
dataset_0,1.261647066170902,-2.2615536982108484
dataset_0,1.279670595687629,-2.2767315784658564
dataset_0,1.2976941252043563,-2.2500519934077277
dataset_0,1.3157176547210836,-2.230148430618201
dataset_0,1.3337411842378106,-2.230434141822168
dataset_0,1.3517647137545379,-2.158701408938929
dataset_0,1.3697882432712651,-2.158871340215986
dataset_0,1.3878117727879922,-2.1167457217497625
dataset_0,1.4058353023047194,-2.07303667882899
dataset_0,1.4238588318214465,-2.041477396350992
dataset_0,1.4418823613381737,-2.000942155523313
dataset_0,1.459905890854901,-1.9860956351272694
dataset_0,1.477929420371628,-1.9571516760178032
dataset_0,1.4959529498883553,-1.9077333125162557
dataset_0,1.5139764794050823,-1.911279647851908
dataset_0,1.5320000089218095,-1.8614113740393399
dataset_0,1.5500235384385368,-1.8131953106181216
dataset_0,1.5680470679552638,-1.7578111824111868
dataset_0,1.586070597471991,-1.670929082020718
dataset_0,1.6040941269887183,-1.6583350488338118
dataset_0,1.6221176565054454,-1.59304541516848
dataset_0,1.6401411860221726,-1.4942442721894107
dataset_0,1.6581647155388999,-1.487588946153783
dataset_0,1.676188245055627,-1.4027520630167005
dataset_0,1.6942117745723542,-1.3942842358316818
dataset_0,1.7122353040890812,-1.3175771039631967
dataset_0,1.7302588336058085,-1.2811796087466574
dataset_0,1.7482823631225357,-1.2059268016008013
dataset_0,1.7663058926392627,-1.1139463178837408
dataset_0,1.78432942215599,-1.1262080943925126
dataset_0,1.802352951672717,-1.0053189141221326
dataset_0,1.8203764811894443,-0.9499227780267777
dataset_0,1.8384000107061715,-0.9118192958515773
dataset_0,1.8564235402228986,-0.8738514803447608
dataset_0,1.8744470697396258,-0.7691370917517618
dataset_0,1.892470599256353,-0.7235411669652724
dataset_0,1.9104941287730801,-0.6395478352199788
dataset_0,1.9285176582898074,-0.582702093314906
dataset_0,1.9465411878065346,-0.4756555569973943
dataset_0,1.9645647173232617,-0.46449856975988113
dataset_0,1.982588246839989,-0.42385558051412897
dataset_0,2.000611776356716,-0.32775333774746496
dataset_0,2.018635305873443,-0.2644902028778048
dataset_0,2.0366588353901705,-0.17081497881694402
dataset_0,2.0546823649068977,-0.12417679484178362
dataset_0,2.0727058944236245,-0.07677167510191112
dataset_0,2.0907294239403518,0.0144348900931981
dataset_0,2.108752953457079,-0.0003242408653802431
dataset_0,2.1267764829738063,0.07385141968054616
dataset_0,2.1448000124905335,0.12379185785710409
dataset_0,2.162823542007261,0.19591354596288724
dataset_0,2.1808470715239876,0.22438576172509633
dataset_0,2.198870601040715,0.33583353808966815
dataset_0,2.216894130557442,0.36579496952086876
dataset_0,2.2349176600741694,0.38362428169395385
dataset_0,2.2529411895908966,0.44794782516453097
dataset_0,2.2709647191076234,0.5354493138560243
dataset_0,2.2889882486243507,0.5990457848964793
dataset_0,2.307011778141078,0.6789750114008737
dataset_0,2.325035307657805,0.7506506336452188
dataset_0,2.3430588371745324,0.7250625375587443
dataset_0,2.3610823666912593,0.7285628845099201
dataset_0,2.3791058962079865,0.7377309519656916
dataset_0,2.3971294257247138,0.8444286222464856
dataset_0,2.415152955241441,0.8518627949749779
dataset_0,2.4331764847581683,0.8989045893289425
dataset_0,2.451200014274895,0.9274450757126047
dataset_0,2.4692235437916223,0.9728071416619611
dataset_0,2.4872470733083496,1.0368390412872797
dataset_0,2.505270602825077,1.03962595504165
dataset_0,2.523294132341804,1.057024717276589
dataset_0,2.5413176618585314,1.0566560759792338
dataset_0,2.559341191375258,1.0608829681765624
dataset_0,2.5773647208919854,1.1142056392751414
dataset_0,2.5953882504087127,1.1442278506267478
dataset_0,2.61341177992544,1.2110211747696078
dataset_0,2.631435309442167,1.1787313589691504
dataset_0,2.649458838958894,1.2140187874208204
dataset_0,2.6674823684756213,1.1817052286576286
dataset_0,2.6855058979923485,1.1694922471563727
dataset_0,2.7035294275090758,1.1804271783325295
dataset_0,2.721552957025803,1.1896988109615687
dataset_0,2.7395764865425303,1.2699687294630357
dataset_0,2.757600016059257,1.1854205797228232
dataset_0,2.7756235455759843,1.2277894866420624
dataset_0,2.7936470750927116,1.172648302746821
dataset_0,2.811670604609439,1.2154745971420446
dataset_0,2.829694134126166,1.1893901224082464
dataset_0,2.847717663642893,1.161257644452158
dataset_0,2.86574119315962,1.149371642008134
dataset_0,2.8837647226763474,1.1148835601815694
dataset_0,2.9017882521930747,1.1263069285855096
dataset_0,2.919811781709802,1.0795384296200354
dataset_0,2.9378353112265287,1.0343438880116702
dataset_0,2.955858840743256,1.0072221344555181
dataset_0,2.9738823702599833,1.0201854943510922
dataset_0,2.9919058997767105,1.0299323494359862
dataset_0,3.0099294292934378,0.9585728824001469
dataset_0,3.0279529588101646,0.917258194267009
dataset_0,3.045976488326892,0.893216958246242
dataset_0,3.064000017843619,0.8846059943513512
dataset_0,3.0820235473603463,0.8151999914982822
dataset_0,3.1000470768770736,0.7568545586919272
dataset_0,3.118070606393801,0.7570011482017678
dataset_0,3.1360941359105277,0.6940424563749203
dataset_0,3.154117665427255,0.6795151938025328
dataset_0,3.172141194943982,0.5945777704381715
dataset_0,3.1901647244607094,0.5066481084787734
dataset_0,3.2081882539774367,0.45274517004146814
dataset_0,3.2262117834941635,0.486126536424826
dataset_0,3.2442353130108907,0.4357068960007215
dataset_0,3.262258842527618,0.32873930475069013
dataset_0,3.2802823720443453,0.2682604415210904
dataset_0,3.2983059015610725,0.2641106604641147
dataset_0,3.3163294310777998,0.13534079526923265
dataset_0,3.3343529605945266,0.08356356844171722
dataset_0,3.352376490111254,0.06808723029719783
dataset_0,3.370400019627981,-0.020322806928006434
dataset_0,3.3884235491447083,-0.06943471946491057
dataset_0,3.4064470786614356,-0.1345094770793614
dataset_0,3.4244706081781624,-0.1816520029814203
dataset_0,3.4424941376948897,-0.21331913062002342
dataset_0,3.460517667211617,-0.31223821743460833
dataset_0,3.478541196728344,-0.3590678103871211
dataset_0,3.4965647262450714,-0.49710437376754313
dataset_0,3.5145882557617982,-0.5037415993300849
dataset_0,3.5326117852785255,-0.5887789292825716
dataset_0,3.5506353147952527,-0.6620705425209787
dataset_0,3.56865884431198,-0.7152079165031986
dataset_0,3.5866823738287072,-0.7624804577743612
dataset_0,3.604705903345434,-0.789727992928099
dataset_0,3.6227294328621613,-0.9144897493330311
dataset_0,3.6407529623788886,-0.938012222367887
dataset_0,3.658776491895616,-1.0134943423265692
dataset_0,3.676800021412343,-1.0696124484592173
dataset_0,3.6948235509290703,-1.0922086650129854
dataset_0,3.712847080445797,-1.1643855742739921
dataset_0,3.7308706099625244,-1.2003694198159536
dataset_0,3.7488941394792517,-1.2996846152472414
dataset_0,3.766917668995979,-1.3714423145157626
dataset_0,3.784941198512706,-1.4138046976022478
dataset_0,3.802964728029433,-1.4552563925920028
dataset_0,3.8209882575461602,-1.510480226218246
dataset_0,3.8390117870628875,-1.5979763917875625
dataset_0,3.8570353165796147,-1.6159585066415576
dataset_0,3.875058846096342,-1.6616594231556232
dataset_0,3.8930823756130692,-1.6456853388539687
dataset_0,3.911105905129796,-1.710332689517006
dataset_0,3.9291294346465233,-1.831997965027614
dataset_0,3.9471529641632506,-1.859749690159122
dataset_0,3.965176493679978,-1.9346709319116604
dataset_0,3.983200023196705,-1.9505103147226839
dataset_0,4.001223552713432,-1.9636742230345177
dataset_0,4.01924708223016,-1.975504751904956
dataset_0,4.037270611746886,-2.0646543470421976
dataset_0,4.055294141263613,-2.095622612583291
dataset_0,4.073317670780341,-2.1686058326391264
dataset_0,4.091341200297068,-2.1422031611630685
dataset_0,4.109364729813795,-2.1946158508655587
dataset_0,4.127388259330522,-2.204864297762328
dataset_0,4.145411788847249,-2.2377198226429855
dataset_0,4.163435318363977,-2.236830595349706
dataset_0,4.1814588478807035,-2.3023556453216485
dataset_0,4.199482377397431,-2.310997224827395
dataset_0,4.217505906914158,-2.2248724242871436
dataset_0,4.235529436430885,-2.333042092969617
dataset_0,4.253552965947613,-2.3379590602792097
dataset_0,4.271576495464339,-2.2638225853168903
dataset_0,4.289600024981067,-2.2397346743700446
dataset_0,4.307623554497794,-2.3575573678628388
dataset_0,4.325647084014522,-2.3364386633243917
dataset_0,4.343670613531248,-2.315710600472092
dataset_0,4.361694143047975,-2.2737785204682233
dataset_0,4.379717672564703,-2.3445610494409985
dataset_0,4.39774120208143,-2.316272895742815
dataset_0,4.415764731598157,-2.277903298376207
dataset_0,4.433788261114884,-2.2755841722011976
dataset_0,4.451811790631611,-2.284205278713907
dataset_0,4.469835320148339,-2.2611559344545222
dataset_0,4.4878588496650655,-2.2775223111195753
dataset_0,4.505882379181793,-2.2251543765457007
dataset_0,4.52390590869852,-2.2033291527717527
dataset_0,4.541929438215247,-2.1646812398963178
dataset_0,4.559952967731975,-2.1600288538573094
dataset_0,4.577976497248701,-2.102546123625375
dataset_0,4.596000026765429,-2.0567061912270694
dataset_0,4.614023556282156,-2.0481195316672443
dataset_0,4.632047085798883,-2.008131226608091
dataset_0,4.65007061531561,-1.9801678265447638
dataset_0,4.668094144832337,-1.9435308670898293
dataset_0,4.686117674349065,-1.9238773640334412
dataset_0,4.704141203865792,-1.8532286398403954
dataset_0,4.7221647333825185,-1.8216094541750214
dataset_0,4.740188262899246,-1.7154417354026847
dataset_0,4.758211792415973,-1.6836701184356433
dataset_0,4.776235321932701,-1.6691294274116073
dataset_0,4.7942588514494275,-1.6520926419488298
dataset_0,4.812282380966154,-1.611303610659842
dataset_0,4.830305910482882,-1.4949034233209688
dataset_0,4.848329439999609,-1.4678243019719956
dataset_0,4.866352969516337,-1.4074889807537845
dataset_0,4.884376499033063,-1.414482752430232
dataset_0,4.90240002854979,-1.2832735096793866
dataset_0,4.920423558066518,-1.2392267374479782
dataset_0,4.938447087583245,-1.2248930993371618
dataset_0,4.956470617099972,-1.148018541498176
dataset_0,4.974494146616699,-1.0677177250229404
dataset_0,4.992517676133427,-1.0132812113400718
dataset_0,5.010541205650154,-0.9620055979480481
dataset_0,5.0285647351668805,-0.8952895665494272
dataset_0,5.046588264683608,-0.8375977982014208
dataset_0,5.064611794200335,-0.7640688940772309
dataset_0,5.082635323717063,-0.6646575855514902
dataset_0,5.1006588532337895,-0.7151405733997802
dataset_0,5.118682382750516,-0.5871147508114131
dataset_0,5.136705912267244,-0.5127504340764448
dataset_0,5.154729441783971,-0.4466699197896156
dataset_0,5.1727529713006986,-0.4027781627335286
dataset_0,5.190776500817425,-0.37917923258111597
dataset_0,5.208800030334152,-0.2586673118071848
dataset_0,5.22682355985088,-0.15772167268581355
dataset_0,5.244847089367607,-0.18778722350306679
dataset_0,5.262870618884334,-0.05983684575788392
dataset_0,5.280894148401061,-0.03306036249302873
dataset_0,5.298917677917788,0.0339330230986944
dataset_0,5.316941207434516,0.06491311301124944
dataset_0,5.3349647369512425,0.1429778270603692
dataset_0,5.35298826646797,0.2458110447371057
dataset_0,5.371011795984697,0.28178784860801015
dataset_0,5.389035325501424,0.3690328821626327
dataset_0,5.4070588550181515,0.4074167770281483
dataset_0,5.425082384534878,0.43948668651385037
dataset_0,5.443105914051606,0.5275552391605259
dataset_0,5.461129443568333,0.5412027225252213
dataset_0,5.4791529730850606,0.6009366008440319
dataset_0,5.497176502601787,0.6168360591186981
dataset_0,5.515200032118514,0.6729221105157444
dataset_0,5.533223561635242,0.6958831652336298
dataset_0,5.551247091151969,0.7859043194578195
dataset_0,5.569270620668696,0.7662698868862095
dataset_0,5.587294150185423,0.8605875315038658
dataset_0,5.60531767970215,0.8709570624344992
dataset_0,5.623341209218878,0.9449319148349653
dataset_0,5.6413647387356045,0.9671224503678848
dataset_0,5.659388268252332,1.0291644493242815
dataset_0,5.677411797769059,1.0287666276224174
dataset_0,5.695435327285786,0.9924133546509109
dataset_0,5.7134588568025135,1.0607303132179802
dataset_0,5.73148238631924,1.0538802497718955
dataset_0,5.749505915835968,1.0942300468309176
dataset_0,5.767529445352695,1.1710220008637473
dataset_0,5.785552974869422,1.1643533779511628
dataset_0,5.803576504386149,1.1425715344107006
dataset_0,5.821600033902876,1.1472441588710998
dataset_0,5.839623563419604,1.1878685408551946
dataset_0,5.857647092936331,1.161974383586275
dataset_0,5.8756706224530575,1.1841502624324214
dataset_0,5.893694151969785,1.2163696325825304
dataset_0,5.911717681486512,1.2424455252368356
dataset_0,5.92974121100324,1.2273553879137187
dataset_0,5.9477647405199665,1.1441019407121906
dataset_0,5.965788270036693,1.2125867000991224
dataset_0,5.983811799553421,1.199623000874246
dataset_0,6.001835329070148,1.2005325206757784
dataset_0,6.0198588585868755,1.2233462445577874
dataset_0,6.037882388103602,1.1072067884847743
dataset_0,6.055905917620329,1.133219308579647
dataset_0,6.073929447137057,1.1489511762477986
dataset_0,6.091952976653784,1.0685742078987803
dataset_0,6.109976506170511,1.1326130569288329
dataset_0,6.128000035687238,1.0778848979983804
dataset_0,6.146023565203966,1.0655351460472482
dataset_0,6.164047094720693,0.9980584171856371
dataset_0,6.1820706242374195,1.007105957598235
dataset_0,6.200094153754147,0.9825519961752387
dataset_0,6.218117683270874,0.9255486412442646
dataset_0,6.236141212787602,0.890135695586443
dataset_0,6.2541647423043285,0.8538699499578295
dataset_0,6.272188271821055,0.7830663949581128
dataset_0,6.290211801337783,0.7623566635125054
dataset_0,6.30823533085451,0.7197836296878648
dataset_0,6.3262588603712375,0.6907484431850067
dataset_0,6.344282389887964,0.6624084310979594
dataset_0,6.362305919404691,0.5576300238553701
dataset_0,6.380329448921419,0.5352270791629472
dataset_0,6.398352978438146,0.5302944137904192
dataset_0,6.416376507954873,0.4167009597854504
dataset_0,6.4344000374716,0.36198454796543855
dataset_0,6.452423566988327,0.3369866820203804
dataset_0,6.470447096505055,0.3001526583391057
dataset_0,6.4884706260217815,0.22094301534028285
dataset_0,6.506494155538509,0.20099904932644466
dataset_0,6.524517685055236,0.13000615244601402
dataset_0,6.542541214571963,0.07098485901779611
dataset_0,6.5605647440886905,0.003559950718902921
dataset_0,6.578588273605417,-0.006806549674314877
dataset_0,6.596611803122145,-0.13842980067176666
dataset_0,6.614635332638872,-0.25001295186091155
dataset_0,6.6326588621555995,-0.21059960561688357
dataset_0,6.650682391672326,-0.3304073106572268
dataset_0,6.668705921189053,-0.3769063714108744
dataset_0,6.686729450705781,-0.4058093502521021
dataset_0,6.704752980222508,-0.5500986762873604
dataset_0,6.722776509739235,-0.6030561403152473
dataset_0,6.740800039255962,-0.6756184102650944
dataset_0,6.758823568772689,-0.715681260154982
dataset_0,6.776847098289417,-0.7436209023251406
dataset_0,6.7948706278061435,-0.8035067503431861
dataset_0,6.812894157322871,-0.872378525979658
dataset_0,6.830917686839598,-0.9812177996837836
dataset_0,6.848941216356325,-1.0673933383042093
dataset_0,6.8669647458730525,-1.0616274875710945
dataset_0,6.884988275389779,-1.136205661572785
dataset_0,6.903011804906507,-1.1692447196591493
dataset_0,6.921035334423234,-1.2207880432451677
dataset_0,6.939058863939961,-1.2940591157331596
dataset_0,6.957082393456688,-1.3331819790000008
dataset_0,6.975105922973415,-1.4035971312145668
dataset_0,6.993129452490143,-1.4496354427677178
dataset_0,7.01115298200687,-1.5375510547197857
dataset_0,7.0291765115235965,-1.5749549211953848
dataset_0,7.047200041040324,-1.6152480843296844
dataset_0,7.065223570557051,-1.6472712445540183
dataset_0,7.083247100073779,-1.7293850294061333
dataset_0,7.1012706295905055,-1.7503859614810735
dataset_0,7.119294159107232,-1.8175449882349326
dataset_0,7.13731768862396,-1.8569224493307117
dataset_0,7.155341218140687,-1.872288641013705
dataset_0,7.1733647476574145,-1.991576615184766
dataset_0,7.191388277174141,-2.0105365316974533
dataset_0,7.209411806690868,-2.0524289551237653
dataset_0,7.227435336207596,-2.111139952927815
dataset_0,7.245458865724323,-2.0977466051078326
dataset_0,7.26348239524105,-2.0888137470165815
dataset_0,7.281505924757777,-2.146898873442622
dataset_0,7.299529454274505,-2.1604916277358823
dataset_0,7.317552983791232,-2.1606056238865894
dataset_0,7.3355765133079585,-2.1769535629170442
dataset_0,7.353600042824686,-2.2370269286486892
dataset_0,7.371623572341413,-2.21599501417664
dataset_0,7.389647101858141,-2.268023516838757
dataset_0,7.4076706313748675,-2.3085935502705595
dataset_0,7.425694160891594,-2.314137346791902
dataset_0,7.443717690408322,-2.3491212575581244
dataset_0,7.461741219925049,-2.340477380691779
dataset_0,7.4797647494417765,-2.331362558188881
dataset_0,7.497788278958503,-2.302333287175732
dataset_0,7.51581180847523,-2.2779239003926888
dataset_0,7.533835337991958,-2.363911203811032
dataset_0,7.551858867508685,-2.3110123203231914
dataset_0,7.569882397025412,-2.3457736208988655
dataset_0,7.587905926542139,-2.295711059142131
dataset_0,7.605929456058866,-2.302862335789469
dataset_0,7.623952985575594,-2.3384682748715537
dataset_0,7.6419765150923205,-2.2469726898009923
dataset_0,7.660000044609048,-2.2735712078465093
dataset_0,7.678023574125775,-2.25308025273829
dataset_0,7.696047103642502,-2.247475105906142
dataset_0,7.7140706331592295,-2.2131260315897796
dataset_0,7.732094162675956,-2.1580353202680445
dataset_0,7.750117692192684,-2.148519093472659
dataset_0,7.768141221709411,-2.1052055983920184
dataset_0,7.7861647512261385,-2.0735074037102494
dataset_0,7.804188280742865,-2.0139579854082976
dataset_0,7.822211810259592,-2.025988012303471
dataset_0,7.84023533977632,-2.021348630023148
dataset_0,7.858258869293047,-1.91187140887296
dataset_0,7.876282398809774,-1.9111085543820818
dataset_0,7.894305928326501,-1.8289533466387444
dataset_0,7.912329457843228,-1.806154250621302
dataset_0,7.930352987359956,-1.7756969689846858
dataset_0,7.9483765168766825,-1.715849695652367
dataset_0,7.96640004639341,-1.6230878876904846
dataset_0,7.984423575910137,-1.5702725873753116
dataset_0,8.002447105426864,-1.575880436356574
dataset_0,8.02047063494359,-1.5214146028129347
dataset_0,8.03849416446032,-1.442608920570974
dataset_0,8.056517693977046,-1.4421562771201475
dataset_0,8.074541223493773,-1.353753108526123
dataset_0,8.0925647530105,-1.30741315534087
dataset_0,8.110588282527226,-1.2405546584889744
dataset_0,8.128611812043955,-1.2144847109051466
dataset_0,8.146635341560682,-1.1766601629108848
dataset_0,8.164658871077409,-1.1304695068590371
dataset_0,8.182682400594135,-1.043315530875266
dataset_0,8.200705930110862,-0.9639065145223279
dataset_0,8.21872945962759,-0.8978197004719253
dataset_0,8.236752989144318,-0.7734644668628579
dataset_0,8.254776518661044,-0.7345427383970589
dataset_0,8.272800048177771,-0.7300099798306898
dataset_0,8.290823577694498,-0.6306612433822203
dataset_0,8.308847107211227,-0.5890486999846345
dataset_0,8.326870636727953,-0.522827600648692
dataset_0,8.34489416624468,-0.44694000999283157
dataset_0,8.362917695761407,-0.37218985123259524
dataset_0,8.380941225278134,-0.33665704406425484
dataset_0,8.398964754794862,-0.23525547066922664
dataset_0,8.41698828431159,-0.23532787917178538
dataset_0,8.435011813828316,-0.14188151871968643
dataset_0,8.453035343345043,-0.008531409099076945
dataset_0,8.47105887286177,-0.014904684798925916
dataset_0,8.489082402378498,0.07847323247663426
dataset_0,8.507105931895225,0.09960901316715316
dataset_0,8.525129461411952,0.17121413655837836
dataset_0,8.543152990928679,0.21035243669102388
dataset_0,8.561176520445406,0.26319862821308354
dataset_0,8.579200049962134,0.301123524411169
dataset_0,8.597223579478861,0.38889418420040106
dataset_0,8.615247108995588,0.4056826794464045
dataset_0,8.633270638512315,0.49964058024053865
dataset_1,0.0,0.9976281036179661
dataset_1,0.01802352951672717,0.9635079594572047
dataset_1,0.03604705903345434,1.0013147181022428
dataset_1,0.054070588550181514,0.9856072981817475
dataset_1,0.07209411806690869,1.0060917125248774
dataset_1,0.09011764758363586,1.0663566848979948
dataset_1,0.10814117710036303,1.0701137209633726
dataset_1,0.1261647066170902,1.0542733564163207
dataset_1,0.14418823613381737,1.0522948234332132
dataset_1,0.16221176565054454,1.038616564619907
dataset_1,0.18023529516727171,1.0904258758642302
dataset_1,0.19825882468399889,1.1512059014892062
dataset_1,0.21628235420072606,1.128026141322277
dataset_1,0.23430588371745323,1.1213971388517763
dataset_1,0.2523294132341804,1.1487113924635473
dataset_1,0.2703529427509076,1.1241874225187285
dataset_1,0.28837647226763474,1.1551012364353264
dataset_1,0.3064000017843619,1.1711241297917512
dataset_1,0.3244235313010891,1.1770675394118433
dataset_1,0.3424470608178163,1.200760750393985
dataset_1,0.36047059033454343,1.2018393336002837
dataset_1,0.37849411985127057,1.2157134769522964
dataset_1,0.39651764936799777,1.2009246525326733
dataset_1,0.41454117888472497,1.2356961783704516
dataset_1,0.4325647084014521,1.2557662851977829
dataset_1,0.45058823791817926,1.2192548971217665
dataset_1,0.46861176743490646,1.2278782720155292
dataset_1,0.48663529695163366,1.2724898790397214
dataset_1,0.5046588264683608,1.2534034596702883
dataset_1,0.5226823559850879,1.2869059140796775
dataset_1,0.5407058855018152,1.2619378941567374
dataset_1,0.5587294150185423,1.300074802962369
dataset_1,0.5767529445352695,1.2834680840471424
dataset_1,0.5947764740519966,1.2911566074859535
dataset_1,0.6128000035687238,1.318561733637763
dataset_1,0.630823533085451,1.2910203111581093
dataset_1,0.6488470626021782,1.2860260564760886
dataset_1,0.6668705921189053,1.2989214181800524
dataset_1,0.6848941216356326,1.3184782261460435
dataset_1,0.7029176511523597,1.2883980848223133
dataset_1,0.7209411806690869,1.3294928764300917
dataset_1,0.738964710185814,1.3131582276024867
dataset_1,0.7569882397025411,1.3450118723461946
dataset_1,0.7750117692192684,1.2881471857397775
dataset_1,0.7930352987359955,1.318164315171833
dataset_1,0.8110588282527227,1.3055019082310002
dataset_1,0.8290823577694499,1.322368734954099
dataset_1,0.8471058872861771,1.342598255278872
dataset_1,0.8651294168029042,1.3371821200750917
dataset_1,0.8831529463196314,1.337481348644006
dataset_1,0.9011764758363585,1.340375721432478
dataset_1,0.9192000053530858,1.347557631376121
dataset_1,0.9372235348698129,1.3278458287147623
dataset_1,0.9552470643865401,1.3574097673702354
dataset_1,0.9732705939032673,1.3569484046997153
dataset_1,0.9912941234199945,1.3522833908993181
dataset_1,1.0093176529367216,1.3549636180202898
dataset_1,1.0273411824534489,1.3500872895205684
dataset_1,1.0453647119701759,1.3787759992472215
dataset_1,1.0633882414869031,1.3418868428428428
dataset_1,1.0814117710036304,1.3369286765603527
dataset_1,1.0994353005203574,1.3278856872147213
dataset_1,1.1174588300370847,1.3214272890936858
dataset_1,1.1354823595538117,1.3158417606061366
dataset_1,1.153505889070539,1.319612278824478
dataset_1,1.1715294185872662,1.3309551609375196
dataset_1,1.1895529481039933,1.3350561201414513
dataset_1,1.2075764776207205,1.327262872746765
dataset_1,1.2256000071374475,1.310191767321197
dataset_1,1.2436235366541748,1.334872042413926
dataset_1,1.261647066170902,1.3283988127321775
dataset_1,1.279670595687629,1.3091848226577198
dataset_1,1.2976941252043563,1.2965883263881945
dataset_1,1.3157176547210836,1.312416527592521
dataset_1,1.3337411842378106,1.3015724035676473
dataset_1,1.3517647137545379,1.268898336007143
dataset_1,1.3697882432712651,1.2870130185022945
dataset_1,1.3878117727879922,1.2871150591759715
dataset_1,1.4058353023047194,1.2617332905835956
dataset_1,1.4238588318214465,1.2741996137882736
dataset_1,1.4418823613381737,1.2401618862235948
dataset_1,1.459905890854901,1.2809338479528638
dataset_1,1.477929420371628,1.2727497189839871
dataset_1,1.4959529498883553,1.2404321068334945
dataset_1,1.5139764794050823,1.2436864303194501
dataset_1,1.5320000089218095,1.1893571382902672
dataset_1,1.5500235384385368,1.2029275336127923
dataset_1,1.5680470679552638,1.209647995578304
dataset_1,1.586070597471991,1.1883714550106095
dataset_1,1.6040941269887183,1.2102605129835582
dataset_1,1.6221176565054454,1.2233979376705686
dataset_1,1.6401411860221726,1.1608981347012355
dataset_1,1.6581647155388999,1.1576109994902857
dataset_1,1.676188245055627,1.166512794611279
dataset_1,1.6942117745723542,1.1803124932546274
dataset_1,1.7122353040890812,1.1226710173078278
dataset_1,1.7302588336058085,1.1376458996025405
dataset_1,1.7482823631225357,1.1541071511631837
dataset_1,1.7663058926392627,1.0849842822036655
dataset_1,1.78432942215599,1.0806800085603347
dataset_1,1.802352951672717,1.0843967379334107
dataset_1,1.8203764811894443,1.0717511155991202
dataset_1,1.8384000107061715,1.0830920647420572
dataset_1,1.8564235402228986,1.0620057087084873
dataset_1,1.8744470697396258,1.0162507563717018
dataset_1,1.892470599256353,1.0431630332497828
dataset_1,1.9104941287730801,1.0126259862209908
dataset_1,1.9285176582898074,1.0317142374260186
dataset_1,1.9465411878065346,0.987084885043059
dataset_1,1.9645647173232617,0.974286367221502
dataset_1,1.982588246839989,0.9813714022416228
dataset_1,2.000611776356716,0.9720875753250297
dataset_1,2.018635305873443,0.9535319326497748
dataset_1,2.0366588353901705,0.9040112359970788
dataset_1,2.0546823649068977,0.9280275193342575
dataset_1,2.0727058944236245,0.8876308788084927
dataset_1,2.0907294239403518,0.8951353184296793
dataset_1,2.108752953457079,0.8529071237142928
dataset_1,2.1267764829738063,0.8702107518896164
dataset_1,2.1448000124905335,0.8344973658313969
dataset_1,2.162823542007261,0.8117540904016848
dataset_1,2.1808470715239876,0.8306725275086424
dataset_1,2.198870601040715,0.8076523744690421
dataset_1,2.216894130557442,0.7779768856733885
dataset_1,2.2349176600741694,0.7975551940824072
dataset_1,2.2529411895908966,0.7500195084275
dataset_1,2.2709647191076234,0.7423320002523781
dataset_1,2.2889882486243507,0.7304945113680903
dataset_1,2.307011778141078,0.6994605918245261
dataset_1,2.325035307657805,0.7017647522581538
dataset_1,2.3430588371745324,0.6684653188587598
dataset_1,2.3610823666912593,0.6540769173666123
dataset_1,2.3791058962079865,0.6675030568502278
dataset_1,2.3971294257247138,0.6101044702952503
dataset_1,2.415152955241441,0.5700112302081657
dataset_1,2.4331764847581683,0.6210787751901635
dataset_1,2.451200014274895,0.6198091513727342
dataset_1,2.4692235437916223,0.5525396299477224
dataset_1,2.4872470733083496,0.509218781354919
dataset_1,2.505270602825077,0.5192034042180048
dataset_1,2.523294132341804,0.501957878475753
dataset_1,2.5413176618585314,0.48581094125219965
dataset_1,2.559341191375258,0.4522923852718253
dataset_1,2.5773647208919854,0.46292836067009324
dataset_1,2.5953882504087127,0.4438767793958215
dataset_1,2.61341177992544,0.39148828563063004
dataset_1,2.631435309442167,0.41026866657521516
dataset_1,2.649458838958894,0.4147314732349202
dataset_1,2.6674823684756213,0.36437202089828225
dataset_1,2.6855058979923485,0.33711986993351
dataset_1,2.7035294275090758,0.32169534233027997
dataset_1,2.721552957025803,0.3156874847951915
dataset_1,2.7395764865425303,0.25708616912813254
dataset_1,2.757600016059257,0.270156282732435
dataset_1,2.7756235455759843,0.2416921784913592
dataset_1,2.7936470750927116,0.2604083129744911
dataset_1,2.811670604609439,0.20696526150873745
dataset_1,2.829694134126166,0.21882819425996872
dataset_1,2.847717663642893,0.15255859291045254
dataset_1,2.86574119315962,0.1617288055506701
dataset_1,2.8837647226763474,0.13769179464658315
dataset_1,2.9017882521930747,0.09801796544675442
dataset_1,2.919811781709802,0.09610044418823935
dataset_1,2.9378353112265287,0.09393695480953204
dataset_1,2.955858840743256,0.04821409290265087
dataset_1,2.9738823702599833,0.005287963039924751
dataset_1,2.9919058997767105,0.013796450129817119
dataset_1,3.0099294292934378,-0.02103902394109921
dataset_1,3.0279529588101646,-0.0314650803229194
dataset_1,3.045976488326892,-0.046991235586144216
dataset_1,3.064000017843619,-0.09444043123186234
dataset_1,3.0820235473603463,-0.11291730707336056
dataset_1,3.1000470768770736,-0.09744979802787057
dataset_1,3.118070606393801,-0.13449887562667467
dataset_1,3.1360941359105277,-0.18911742897045067
dataset_1,3.154117665427255,-0.15252748000514452
dataset_1,3.172141194943982,-0.18129598503266717
dataset_1,3.1901647244607094,-0.21809059094842637
dataset_1,3.2081882539774367,-0.24840684081954292
dataset_1,3.2262117834941635,-0.23210267108825333
dataset_1,3.2442353130108907,-0.2604518164212116
dataset_1,3.262258842527618,-0.246165251541811
dataset_1,3.2802823720443453,-0.29947845949829255
dataset_1,3.2983059015610725,-0.3201285125839427
dataset_1,3.3163294310777998,-0.3496007556965649
dataset_1,3.3343529605945266,-0.3530291192174506
dataset_1,3.352376490111254,-0.3763261052794289
dataset_1,3.370400019627981,-0.38575513874416967
dataset_1,3.3884235491447083,-0.43576118396516517
dataset_1,3.4064470786614356,-0.45428562574815645
dataset_1,3.4244706081781624,-0.47497152288467714
dataset_1,3.4424941376948897,-0.4733968783482442
dataset_1,3.460517667211617,-0.48129888803445503
dataset_1,3.478541196728344,-0.5342474679015209
dataset_1,3.4965647262450714,-0.5534598019939383
dataset_1,3.5145882557617982,-0.5606999923361291
dataset_1,3.5326117852785255,-0.5898632290146173
dataset_1,3.5506353147952527,-0.5892337237542365
dataset_1,3.56865884431198,-0.6630223376401361
dataset_1,3.5866823738287072,-0.658431066409205
dataset_1,3.604705903345434,-0.6771393666673963
dataset_1,3.6227294328621613,-0.7225525433625486
dataset_1,3.6407529623788886,-0.7189195994160741
dataset_1,3.658776491895616,-0.7373494660328331
dataset_1,3.676800021412343,-0.7444427474902964
dataset_1,3.6948235509290703,-0.7413054837146922
dataset_1,3.712847080445797,-0.7832981134814746
dataset_1,3.7308706099625244,-0.815523580851644
dataset_1,3.7488941394792517,-0.8178893641284248
dataset_1,3.766917668995979,-0.8179267502309207
dataset_1,3.784941198512706,-0.8708509494479824
dataset_1,3.802964728029433,-0.8883076854197609
dataset_1,3.8209882575461602,-0.8819141083086676
dataset_1,3.8390117870628875,-0.9134743615386258
dataset_1,3.8570353165796147,-0.917026902048381
dataset_1,3.875058846096342,-0.9463611655945213
dataset_1,3.8930823756130692,-0.9522953350745048
dataset_1,3.911105905129796,-0.9996038092112497
dataset_1,3.9291294346465233,-1.0001014496792657
dataset_1,3.9471529641632506,-1.021148709527849
dataset_1,3.965176493679978,-1.0557210099987557
dataset_1,3.983200023196705,-1.0790414568565925
dataset_1,4.001223552713432,-1.0582964388763647
dataset_1,4.01924708223016,-1.093017894806525
dataset_1,4.037270611746886,-1.121423872593051
dataset_1,4.055294141263613,-1.122665549464237
dataset_1,4.073317670780341,-1.1187246556366996
dataset_1,4.091341200297068,-1.193030807619712
dataset_1,4.109364729813795,-1.1962506078933044
dataset_1,4.127388259330522,-1.2028826445049072
dataset_1,4.145411788847249,-1.1787351987464858
dataset_1,4.163435318363977,-1.2147151562229355
dataset_1,4.1814588478807035,-1.2223975547264136
dataset_1,4.199482377397431,-1.2703985417419554
dataset_1,4.217505906914158,-1.2856169011322631
dataset_1,4.235529436430885,-1.2745029969460275
dataset_1,4.253552965947613,-1.296334739298182
dataset_1,4.271576495464339,-1.3031101053922316
dataset_1,4.289600024981067,-1.3304746062403814
dataset_1,4.307623554497794,-1.337326056886843
dataset_1,4.325647084014522,-1.3539157557531314
dataset_1,4.343670613531248,-1.3578140116273492
dataset_1,4.361694143047975,-1.371523199151986
dataset_1,4.379717672564703,-1.4266085195328806
dataset_1,4.39774120208143,-1.4510638514504908
dataset_1,4.415764731598157,-1.4097458518655694
dataset_1,4.433788261114884,-1.4200662108334918
dataset_1,4.451811790631611,-1.4707084200816778
dataset_1,4.469835320148339,-1.4979933992766148
dataset_1,4.4878588496650655,-1.4777416015359728
dataset_1,4.505882379181793,-1.4763636310242583
dataset_1,4.52390590869852,-1.4741963514051901
dataset_1,4.541929438215247,-1.5081737519917986
dataset_1,4.559952967731975,-1.535295035887499
dataset_1,4.577976497248701,-1.5560097367957118
dataset_1,4.596000026765429,-1.5523912252511518
dataset_1,4.614023556282156,-1.5691277442329565
dataset_1,4.632047085798883,-1.5925088813679595
dataset_1,4.65007061531561,-1.551728412203139
dataset_1,4.668094144832337,-1.5670340728211245
dataset_1,4.686117674349065,-1.5886482089710923
dataset_1,4.704141203865792,-1.633865318643344
dataset_1,4.7221647333825185,-1.6140148334053117
dataset_1,4.740188262899246,-1.6276364480066283
dataset_1,4.758211792415973,-1.6407270157054261
dataset_1,4.776235321932701,-1.6366039725523496
dataset_1,4.7942588514494275,-1.6563066542432716
dataset_1,4.812282380966154,-1.6636193158559407
dataset_1,4.830305910482882,-1.6742198710201874
dataset_1,4.848329439999609,-1.687857442708721
dataset_1,4.866352969516337,-1.7321992443597678
dataset_1,4.884376499033063,-1.7087721452624474
dataset_1,4.90240002854979,-1.7275310669607449
dataset_1,4.920423558066518,-1.7474745839717052
dataset_1,4.938447087583245,-1.7048284163845315
dataset_1,4.956470617099972,-1.7112582790600936
dataset_1,4.974494146616699,-1.724505446681099
dataset_1,4.992517676133427,-1.749937096306814
dataset_1,5.010541205650154,-1.7379154244411732
dataset_1,5.0285647351668805,-1.766835535745151
dataset_1,5.046588264683608,-1.7696382818679137
dataset_1,5.064611794200335,-1.797358315676563
dataset_1,5.082635323717063,-1.7776839159013342
dataset_1,5.1006588532337895,-1.7886786602924247
dataset_1,5.118682382750516,-1.816795132498826
dataset_1,5.136705912267244,-1.8004288737931737
dataset_1,5.154729441783971,-1.8054728636693134
dataset_1,5.1727529713006986,-1.7780231678965601
dataset_1,5.190776500817425,-1.7973729913482783
dataset_1,5.208800030334152,-1.8161256919797633
dataset_1,5.22682355985088,-1.8156768621713493
dataset_1,5.244847089367607,-1.8224550764931227
dataset_1,5.262870618884334,-1.8297026336126754
dataset_1,5.280894148401061,-1.8473989296605873
dataset_1,5.298917677917788,-1.8342038399278864
dataset_1,5.316941207434516,-1.8465835039235081
dataset_1,5.3349647369512425,-1.8571740295565669
dataset_1,5.35298826646797,-1.829175832156271
dataset_1,5.371011795984697,-1.8327591581648677
dataset_1,5.389035325501424,-1.8709104480468093
dataset_1,5.4070588550181515,-1.843802635476929
dataset_1,5.425082384534878,-1.825673310553037
dataset_1,5.443105914051606,-1.825138351607035
dataset_1,5.461129443568333,-1.8259892967479445
dataset_1,5.4791529730850606,-1.8427200472530318
dataset_1,5.497176502601787,-1.8574548215885514
dataset_1,5.515200032118514,-1.8610173838450126
dataset_1,5.533223561635242,-1.836121681545186
dataset_1,5.551247091151969,-1.8345522630253195
dataset_1,5.569270620668696,-1.8179520714415753
dataset_1,5.587294150185423,-1.8196325981092771
dataset_1,5.60531767970215,-1.8387388582261468
dataset_1,5.623341209218878,-1.85555810025352
dataset_1,5.6413647387356045,-1.837658043196624
dataset_1,5.659388268252332,-1.8260836846925794
dataset_1,5.677411797769059,-1.8304270880385263
dataset_1,5.695435327285786,-1.833783196903658
dataset_1,5.7134588568025135,-1.8164733290260084
dataset_1,5.73148238631924,-1.8257754360266965
dataset_1,5.749505915835968,-1.824122150616798
dataset_1,5.767529445352695,-1.8042234556367163
dataset_1,5.785552974869422,-1.812044114321389
dataset_1,5.803576504386149,-1.7966138590292853
dataset_1,5.821600033902876,-1.7913760187064878
dataset_1,5.839623563419604,-1.8102856871627557
dataset_1,5.857647092936331,-1.7939120332488754
dataset_1,5.8756706224530575,-1.7559607535671289
dataset_1,5.893694151969785,-1.7942240401163905
dataset_1,5.911717681486512,-1.8044066538862735
dataset_1,5.92974121100324,-1.793884830175463
dataset_1,5.9477647405199665,-1.7554388466159756
dataset_1,5.965788270036693,-1.748716914122834
dataset_1,5.983811799553421,-1.7442997800243356
dataset_1,6.001835329070148,-1.7145980701497974
dataset_1,6.0198588585868755,-1.7729611187051415
dataset_1,6.037882388103602,-1.7133982811063317
dataset_1,6.055905917620329,-1.6858040419145626
dataset_1,6.073929447137057,-1.723197912557709
dataset_1,6.091952976653784,-1.7022035763470578
dataset_1,6.109976506170511,-1.6999469865697627
dataset_1,6.128000035687238,-1.6935422772208357
dataset_1,6.146023565203966,-1.6749047703606978
dataset_1,6.164047094720693,-1.6359799721984563
dataset_1,6.1820706242374195,-1.6195680881523071
dataset_1,6.200094153754147,-1.6466406845437473
dataset_1,6.218117683270874,-1.5988022696564506
dataset_1,6.236141212787602,-1.6202922887210325
dataset_1,6.2541647423043285,-1.5808625281534836
dataset_1,6.272188271821055,-1.601536774278589
dataset_1,6.290211801337783,-1.586949222662624
dataset_1,6.30823533085451,-1.571978091930221
dataset_1,6.3262588603712375,-1.513159876235294
dataset_1,6.344282389887964,-1.5411155207710059
dataset_1,6.362305919404691,-1.5558515444997771
dataset_1,6.380329448921419,-1.5156491042589926
dataset_1,6.398352978438146,-1.526121735837343
dataset_1,6.416376507954873,-1.5160389977553708
dataset_1,6.4344000374716,-1.4799317206449225
dataset_1,6.452423566988327,-1.4821331907714295
dataset_1,6.470447096505055,-1.4651033986386857
dataset_1,6.4884706260217815,-1.4565435388211732
dataset_1,6.506494155538509,-1.4378562888739135
dataset_1,6.524517685055236,-1.4229417232516643
dataset_1,6.542541214571963,-1.4492979055615065
dataset_1,6.5605647440886905,-1.3914535160649746
dataset_1,6.578588273605417,-1.4053705640401792
dataset_1,6.596611803122145,-1.399000169643127
dataset_1,6.614635332638872,-1.3612476617819065
dataset_1,6.6326588621555995,-1.3443240593492505
dataset_1,6.650682391672326,-1.342789997647089
dataset_1,6.668705921189053,-1.3021339048777634
dataset_1,6.686729450705781,-1.3238729260014148
dataset_1,6.704752980222508,-1.2928503413943744
dataset_1,6.722776509739235,-1.280497108577656
dataset_1,6.740800039255962,-1.2558629860799886
dataset_1,6.758823568772689,-1.234669808343042
dataset_1,6.776847098289417,-1.240597160759363
dataset_1,6.7948706278061435,-1.1952896777524946
dataset_1,6.812894157322871,-1.1903263220325835
dataset_1,6.830917686839598,-1.2071015025121161
dataset_1,6.848941216356325,-1.191779559265361
dataset_1,6.8669647458730525,-1.142254671289411
dataset_1,6.884988275389779,-1.1290483646904104
dataset_1,6.903011804906507,-1.1101833823470726
dataset_1,6.921035334423234,-1.0918940456343273
dataset_1,6.939058863939961,-1.0704570876301258
dataset_1,6.957082393456688,-1.040961009624587
dataset_1,6.975105922973415,-1.0583875485752383
dataset_1,6.993129452490143,-1.041884390074724
dataset_1,7.01115298200687,-1.0228975899587298
dataset_1,7.0291765115235965,-0.9817340115304383
dataset_1,7.047200041040324,-0.9476643601971139
dataset_1,7.065223570557051,-0.9580183367113796
dataset_1,7.083247100073779,-0.9749282175814984
dataset_1,7.1012706295905055,-0.9432021867348914
dataset_1,7.119294159107232,-0.9101308493765525
dataset_1,7.13731768862396,-0.8870347205718524
dataset_1,7.155341218140687,-0.8659698417573609
dataset_1,7.1733647476574145,-0.8397719956650159
dataset_1,7.191388277174141,-0.82697006508967
dataset_1,7.209411806690868,-0.7851202055163568
dataset_1,7.227435336207596,-0.7954040746189143
dataset_1,7.245458865724323,-0.7795622650008328
dataset_1,7.26348239524105,-0.7377934285295548
dataset_1,7.281505924757777,-0.7527233497673452
dataset_1,7.299529454274505,-0.7009157815988926
dataset_1,7.317552983791232,-0.686469735009917
dataset_1,7.3355765133079585,-0.6713252945313717
dataset_1,7.353600042824686,-0.6225161487153918
dataset_1,7.371623572341413,-0.6404121000766073
dataset_1,7.389647101858141,-0.5754591003802076
dataset_1,7.4076706313748675,-0.5945099899682347
dataset_1,7.425694160891594,-0.5926250034160355
dataset_1,7.443717690408322,-0.5501062831315591
dataset_1,7.461741219925049,-0.5497221240865049
dataset_1,7.4797647494417765,-0.524409821564367
dataset_1,7.497788278958503,-0.4851087026920176
dataset_1,7.51581180847523,-0.4625235457028332
dataset_1,7.533835337991958,-0.46251274691357525
dataset_1,7.551858867508685,-0.41530872546610836
dataset_1,7.569882397025412,-0.3924310564571565
dataset_1,7.587905926542139,-0.3676883729000539
dataset_1,7.605929456058866,-0.36298437850058896
dataset_1,7.623952985575594,-0.3288050797258309
dataset_1,7.6419765150923205,-0.36361233009078275
dataset_1,7.660000044609048,-0.3170709849708197
dataset_1,7.678023574125775,-0.30625404073088214
dataset_1,7.696047103642502,-0.26945284719394275
dataset_1,7.7140706331592295,-0.26102092600812166
dataset_1,7.732094162675956,-0.23404509040486518
dataset_1,7.750117692192684,-0.17927215735969287
dataset_1,7.768141221709411,-0.19388015997360927
dataset_1,7.7861647512261385,-0.16390686548799308
dataset_1,7.804188280742865,-0.15475008570470383
dataset_1,7.822211810259592,-0.1294666864865564
dataset_1,7.84023533977632,-0.11059232858426261
dataset_1,7.858258869293047,-0.08307696182273698
dataset_1,7.876282398809774,-0.05093931039098877
dataset_1,7.894305928326501,-0.022804422468484423
dataset_1,7.912329457843228,-0.025492706292263446
dataset_1,7.930352987359956,-0.0008445670501720254
dataset_1,7.9483765168766825,-0.010417984543345537
dataset_1,7.96640004639341,0.02740044198180946
dataset_1,7.984423575910137,0.0645854914802462
dataset_1,8.002447105426864,0.08306935132172066
dataset_1,8.02047063494359,0.09168859923978351
dataset_1,8.03849416446032,0.12274302267234699
dataset_1,8.056517693977046,0.1356295648662804
dataset_1,8.074541223493773,0.16715540999057563
dataset_1,8.0925647530105,0.17119999993036603
dataset_1,8.110588282527226,0.1796773048660228
dataset_1,8.128611812043955,0.21070036956850666
dataset_1,8.146635341560682,0.17468313217654355
dataset_1,8.164658871077409,0.24992130183121136
dataset_1,8.182682400594135,0.2008090906134956
dataset_1,8.200705930110862,0.25239387427111654
dataset_1,8.21872945962759,0.30812895936423507
dataset_1,8.236752989144318,0.327408030302343
dataset_1,8.254776518661044,0.318413070992493
dataset_1,8.272800048177771,0.34469184451431434
dataset_1,8.290823577694498,0.39849265427470393
dataset_1,8.308847107211227,0.3855773277738099
dataset_1,8.326870636727953,0.45007804141070074
dataset_1,8.34489416624468,0.43035195306290414
dataset_1,8.362917695761407,0.4554363108368127
dataset_1,8.380941225278134,0.49392657329519934
dataset_1,8.398964754794862,0.48670948008643594
dataset_1,8.41698828431159,0.4853394768773009
dataset_1,8.435011813828316,0.5181291709193013
dataset_1,8.453035343345043,0.5369476513143664
dataset_1,8.47105887286177,0.5318983189414817
dataset_1,8.489082402378498,0.5679721393873616
dataset_1,8.507105931895225,0.5769236462507951
dataset_1,8.525129461411952,0.6221684686050022
dataset_1,8.543152990928679,0.6240251802862157
dataset_1,8.561176520445406,0.6354268813602537
dataset_1,8.579200049962134,0.6550457988215005
dataset_1,8.597223579478861,0.677104035400494
dataset_1,8.615247108995588,0.7001049182248208
dataset_1,8.633270638512315,0.6889439594835227
dataset_2,0.0,0.17290922151601953
dataset_2,0.01802352951672717,0.11756255847544762
dataset_2,0.03604705903345434,0.1707547634771922
dataset_2,0.054070588550181514,0.18768683325066965
dataset_2,0.07209411806690869,0.17954161140108119
dataset_2,0.09011764758363586,0.18928397034242067
dataset_2,0.10814117710036303,0.132705608103655
dataset_2,0.1261647066170902,0.18516563855323434
dataset_2,0.14418823613381737,0.16913302380061837
dataset_2,0.16221176565054454,0.16620887983291763
dataset_2,0.18023529516727171,0.2076182448242396
dataset_2,0.19825882468399889,0.22749690786113486
dataset_2,0.21628235420072606,0.23888399327836776
dataset_2,0.23430588371745323,0.22729391658734083
dataset_2,0.2523294132341804,0.18838066035899798
dataset_2,0.2703529427509076,0.20402050689831683
dataset_2,0.28837647226763474,0.21825991458679056
dataset_2,0.3064000017843619,0.20185805080252642
dataset_2,0.3244235313010891,0.20439728293450868
dataset_2,0.3424470608178163,0.2266920886097727
dataset_2,0.36047059033454343,0.20341935054806992
dataset_2,0.37849411985127057,0.18630311493078297
dataset_2,0.39651764936799777,0.1976567832728213
dataset_2,0.41454117888472497,0.23021641747502455
dataset_2,0.4325647084014521,0.21422266398157414
dataset_2,0.45058823791817926,0.22621644609802435
dataset_2,0.46861176743490646,0.23799527695664077
dataset_2,0.48663529695163366,0.21002453420220987
dataset_2,0.5046588264683608,0.2449626797866278
dataset_2,0.5226823559850879,0.2362856522623686
dataset_2,0.5407058855018152,0.1918644261694856
dataset_2,0.5587294150185423,0.2714927673661782
dataset_2,0.5767529445352695,0.21754326290701972
dataset_2,0.5947764740519966,0.18639358909327422
dataset_2,0.6128000035687238,0.20625265414934024
dataset_2,0.630823533085451,0.20916560078190716
dataset_2,0.6488470626021782,0.2424103940475003
dataset_2,0.6668705921189053,0.23519866352142363
dataset_2,0.6848941216356326,0.2355893177834442
dataset_2,0.7029176511523597,0.26545302019975636
dataset_2,0.7209411806690869,0.2595693320248433
dataset_2,0.738964710185814,0.26108439875656375
dataset_2,0.7569882397025411,0.2659971474684428
dataset_2,0.7750117692192684,0.27416063753060715
dataset_2,0.7930352987359955,0.1975999211849269
dataset_2,0.8110588282527227,0.25020115416045635
dataset_2,0.8290823577694499,0.19989603870341874
dataset_2,0.8471058872861771,0.2661602036178228
dataset_2,0.8651294168029042,0.2671699770116512
dataset_2,0.8831529463196314,0.29971541443434413
dataset_2,0.9011764758363585,0.3060049854673891
dataset_2,0.9192000053530858,0.279710041831361
dataset_2,0.9372235348698129,0.261557571936528
dataset_2,0.9552470643865401,0.2922239813292595
dataset_2,0.9732705939032673,0.2651055942810068
dataset_2,0.9912941234199945,0.28249671606530574
dataset_2,1.0093176529367216,0.3132135620959599
dataset_2,1.0273411824534489,0.27074060776722025
dataset_2,1.0453647119701759,0.3123207865343768
dataset_2,1.0633882414869031,0.3107705758617732
dataset_2,1.0814117710036304,0.2657375850402347
dataset_2,1.0994353005203574,0.32365192146492466
dataset_2,1.1174588300370847,0.3178426985989571
dataset_2,1.1354823595538117,0.30274136230771775
dataset_2,1.153505889070539,0.27990056207373576
dataset_2,1.1715294185872662,0.2792428510210333
dataset_2,1.1895529481039933,0.2906798769444768
dataset_2,1.2075764776207205,0.3240498166734962
dataset_2,1.2256000071374475,0.282869964576996
dataset_2,1.2436235366541748,0.32528064644458365
dataset_2,1.261647066170902,0.27886139169279744
dataset_2,1.279670595687629,0.31099046269867525
dataset_2,1.2976941252043563,0.3221860323390348
dataset_2,1.3157176547210836,0.3918310785748071
dataset_2,1.3337411842378106,0.28343952538302214
dataset_2,1.3517647137545379,0.3679355559983872
dataset_2,1.3697882432712651,0.3318252569173011
dataset_2,1.3878117727879922,0.3414936152118707
dataset_2,1.4058353023047194,0.33513811517476183
dataset_2,1.4238588318214465,0.34668208533918426
dataset_2,1.4418823613381737,0.33148656862519243
dataset_2,1.459905890854901,0.38007123831019185
dataset_2,1.477929420371628,0.32693580100984315
dataset_2,1.4959529498883553,0.37496524528060743
dataset_2,1.5139764794050823,0.32569655186049323
dataset_2,1.5320000089218095,0.34467686658460234
dataset_2,1.5500235384385368,0.3175171562996317
dataset_2,1.5680470679552638,0.363752098174015
dataset_2,1.586070597471991,0.39446246563718496
dataset_2,1.6040941269887183,0.3525280771390767
dataset_2,1.6221176565054454,0.3511524279587962
dataset_2,1.6401411860221726,0.326697154280563
dataset_2,1.6581647155388999,0.35436814008261197
dataset_2,1.676188245055627,0.3170199853579009
dataset_2,1.6942117745723542,0.33874729099029877
dataset_2,1.7122353040890812,0.37376400176376184
dataset_2,1.7302588336058085,0.40740672048791093
dataset_2,1.7482823631225357,0.45255278016458717
dataset_2,1.7663058926392627,0.35643559760346577
dataset_2,1.78432942215599,0.4169484129795247
dataset_2,1.802352951672717,0.38455398857859613
dataset_2,1.8203764811894443,0.37518630890726595
dataset_2,1.8384000107061715,0.39411576078599014
dataset_2,1.8564235402228986,0.38544621308297405
dataset_2,1.8744470697396258,0.3888925425660332
dataset_2,1.892470599256353,0.3759375868635809
dataset_2,1.9104941287730801,0.34936147733547895
dataset_2,1.9285176582898074,0.3471915719181945
dataset_2,1.9465411878065346,0.4127406907622329
dataset_2,1.9645647173232617,0.387886809832805
dataset_2,1.982588246839989,0.380682409938353
dataset_2,2.000611776356716,0.4001890965452596
dataset_2,2.018635305873443,0.42495026889981175
dataset_2,2.0366588353901705,0.40920424647423215
dataset_2,2.0546823649068977,0.38704169524985205
dataset_2,2.0727058944236245,0.4434798586116127
dataset_2,2.0907294239403518,0.4556968622064695
dataset_2,2.108752953457079,0.4263506414579299
dataset_2,2.1267764829738063,0.4422116175279507
dataset_2,2.1448000124905335,0.4519752519614536
dataset_2,2.162823542007261,0.45074549877840614
dataset_2,2.1808470715239876,0.4378289972982885
dataset_2,2.198870601040715,0.43937281820643365
dataset_2,2.216894130557442,0.43909459436487386
dataset_2,2.2349176600741694,0.3943391593529155
dataset_2,2.2529411895908966,0.4483151957312109
dataset_2,2.2709647191076234,0.3908470396988842
dataset_2,2.2889882486243507,0.4090591136325918
dataset_2,2.307011778141078,0.47170397349250354
dataset_2,2.325035307657805,0.46028958757439975
dataset_2,2.3430588371745324,0.4809794042642439
dataset_2,2.3610823666912593,0.432098713084923
dataset_2,2.3791058962079865,0.408614071772758
dataset_2,2.3971294257247138,0.43694722100407823
dataset_2,2.415152955241441,0.4488173587341377
dataset_2,2.4331764847581683,0.45011754723156955
dataset_2,2.451200014274895,0.4825739727871907
dataset_2,2.4692235437916223,0.4413142367763294
dataset_2,2.4872470733083496,0.46389564943005396
dataset_2,2.505270602825077,0.42709157153927213
dataset_2,2.523294132341804,0.47064715440084764
dataset_2,2.5413176618585314,0.459668959077102
dataset_2,2.559341191375258,0.439849653491806
dataset_2,2.5773647208919854,0.45665579071154017
dataset_2,2.5953882504087127,0.4600928015936704
dataset_2,2.61341177992544,0.45954812810731593
dataset_2,2.631435309442167,0.5205091423788023
dataset_2,2.649458838958894,0.46838710487121127
dataset_2,2.6674823684756213,0.46611546985391605
dataset_2,2.6855058979923485,0.41445767830314106
dataset_2,2.7035294275090758,0.4511735565940401
dataset_2,2.721552957025803,0.47134643929360476
dataset_2,2.7395764865425303,0.46104673245622757
dataset_2,2.757600016059257,0.5227435979756011
dataset_2,2.7756235455759843,0.47994633975793727
dataset_2,2.7936470750927116,0.5238814229028538
dataset_2,2.811670604609439,0.490328020039341
dataset_2,2.829694134126166,0.4915311416496958
dataset_2,2.847717663642893,0.4897958600797742
dataset_2,2.86574119315962,0.4943785652313205
dataset_2,2.8837647226763474,0.5458647067018324
dataset_2,2.9017882521930747,0.4310095789075688
dataset_2,2.919811781709802,0.4421034121022163
dataset_2,2.9378353112265287,0.48616262763160023
dataset_2,2.955858840743256,0.5041795429180449
dataset_2,2.9738823702599833,0.5256019390988822
dataset_2,2.9919058997767105,0.5212157090952558
dataset_2,3.0099294292934378,0.4983145493968658
dataset_2,3.0279529588101646,0.5407685370799771
dataset_2,3.045976488326892,0.5429713990415312
dataset_2,3.064000017843619,0.5203863355357115
dataset_2,3.0820235473603463,0.5447721082723999
dataset_2,3.1000470768770736,0.5266957835721763
dataset_2,3.118070606393801,0.5044503426644315
dataset_2,3.1360941359105277,0.542726227176318
dataset_2,3.154117665427255,0.5276146565423564
dataset_2,3.172141194943982,0.526318177059208
dataset_2,3.1901647244607094,0.5707247617147124
dataset_2,3.2081882539774367,0.45913933328978435
dataset_2,3.2262117834941635,0.4908653785354704
dataset_2,3.2442353130108907,0.49938538525931403
dataset_2,3.262258842527618,0.5250529681043571
dataset_2,3.2802823720443453,0.5300418541912671
dataset_2,3.2983059015610725,0.4956691575245026
dataset_2,3.3163294310777998,0.5126082734681978
dataset_2,3.3343529605945266,0.5180424414411919
dataset_2,3.352376490111254,0.6158154999937016
dataset_2,3.370400019627981,0.5986937967351683
dataset_2,3.3884235491447083,0.5365311846199796
dataset_2,3.4064470786614356,0.5397536366602385
dataset_2,3.4244706081781624,0.5188676509290158
dataset_2,3.4424941376948897,0.4987509060697796
dataset_2,3.460517667211617,0.5523607060654271
dataset_2,3.478541196728344,0.5287104086956192
dataset_2,3.4965647262450714,0.5569237884349176
dataset_2,3.5145882557617982,0.5149275467128339
dataset_2,3.5326117852785255,0.5409741676842295
dataset_2,3.5506353147952527,0.5691105810575693
dataset_2,3.56865884431198,0.5772083445604383
dataset_2,3.5866823738287072,0.5804950394062364
dataset_2,3.604705903345434,0.532050329791964
dataset_2,3.6227294328621613,0.5967371622762097
dataset_2,3.6407529623788886,0.5506888770870891
dataset_2,3.658776491895616,0.593915387883926
dataset_2,3.676800021412343,0.5771030205495743
dataset_2,3.6948235509290703,0.5394068323827241
dataset_2,3.712847080445797,0.5718452989137288
dataset_2,3.7308706099625244,0.5933345780348765
dataset_2,3.7488941394792517,0.6022749620360196
dataset_2,3.766917668995979,0.5822565050312379
dataset_2,3.784941198512706,0.6323952954770512
dataset_2,3.802964728029433,0.6190122938174406
dataset_2,3.8209882575461602,0.584235343796687
dataset_2,3.8390117870628875,0.615111851417792
dataset_2,3.8570353165796147,0.6511001280467957
dataset_2,3.875058846096342,0.653635997175392
dataset_2,3.8930823756130692,0.5632142433020207
dataset_2,3.911105905129796,0.5736891952823245
dataset_2,3.9291294346465233,0.6451641572488053
dataset_2,3.9471529641632506,0.5733908772640152
dataset_2,3.965176493679978,0.5675023151230365
dataset_2,3.983200023196705,0.5934312720856503
dataset_2,4.001223552713432,0.6213836315653176
dataset_2,4.01924708223016,0.6080178523020069
dataset_2,4.037270611746886,0.5939110484571335
dataset_2,4.055294141263613,0.594966247509095
dataset_2,4.073317670780341,0.5956004052771315
dataset_2,4.091341200297068,0.5925010837604364
dataset_2,4.109364729813795,0.6856253464530341
dataset_2,4.127388259330522,0.629990498580519
dataset_2,4.145411788847249,0.6487527409443369
dataset_2,4.163435318363977,0.610699192521959
dataset_2,4.1814588478807035,0.62118405423262
dataset_2,4.199482377397431,0.6076491995905408
dataset_2,4.217505906914158,0.553330696479268
dataset_2,4.235529436430885,0.5918687127673334
dataset_2,4.253552965947613,0.5810725053702732
dataset_2,4.271576495464339,0.5700842365753479
dataset_2,4.289600024981067,0.6022751541397072
dataset_2,4.307623554497794,0.6768444119297515
dataset_2,4.325647084014522,0.638954441668721
dataset_2,4.343670613531248,0.6792495853585107
dataset_2,4.361694143047975,0.6555156522320639
dataset_2,4.379717672564703,0.6679518533886611
dataset_2,4.39774120208143,0.6209717574505105
dataset_2,4.415764731598157,0.6638544200727243
dataset_2,4.433788261114884,0.6714602495591776
dataset_2,4.451811790631611,0.6354037914229653
dataset_2,4.469835320148339,0.6699333108403184
dataset_2,4.4878588496650655,0.6718037586151087
dataset_2,4.505882379181793,0.6412219234509026
dataset_2,4.52390590869852,0.6263226834546617
dataset_2,4.541929438215247,0.6262193660751039
dataset_2,4.559952967731975,0.6646232713945605
dataset_2,4.577976497248701,0.6732422043064479
dataset_2,4.596000026765429,0.6425380045393899
dataset_2,4.614023556282156,0.6678801929096854
dataset_2,4.632047085798883,0.6852646195321904
dataset_2,4.65007061531561,0.688297868727887
dataset_2,4.668094144832337,0.716945087480792
dataset_2,4.686117674349065,0.7106478373928609
dataset_2,4.704141203865792,0.646427824783218
dataset_2,4.7221647333825185,0.7256966931164982
dataset_2,4.740188262899246,0.6633135554948576
dataset_2,4.758211792415973,0.7105138531711305
dataset_2,4.776235321932701,0.6839085711535211
dataset_2,4.7942588514494275,0.6716624845819958
dataset_2,4.812282380966154,0.6329480809022797
dataset_2,4.830305910482882,0.681881133562858
dataset_2,4.848329439999609,0.6433851240254469
dataset_2,4.866352969516337,0.7180601361760186
dataset_2,4.884376499033063,0.7355693987212114
dataset_2,4.90240002854979,0.6702972158586253
dataset_2,4.920423558066518,0.7036849863274495
dataset_2,4.938447087583245,0.6755976261355202
dataset_2,4.956470617099972,0.6800118847934608
dataset_2,4.974494146616699,0.7221839510195751
dataset_2,4.992517676133427,0.7002855600563614
dataset_2,5.010541205650154,0.7533003120571405
dataset_2,5.0285647351668805,0.690665169080549
dataset_2,5.046588264683608,0.735099251590811
dataset_2,5.064611794200335,0.7106208218636234
dataset_2,5.082635323717063,0.732406351528568
dataset_2,5.1006588532337895,0.6980637251607846
dataset_2,5.118682382750516,0.7111486527957412
dataset_2,5.136705912267244,0.7108295146847515
dataset_2,5.154729441783971,0.6915819476720958
dataset_2,5.1727529713006986,0.7364773952627556
dataset_2,5.190776500817425,0.7377149968180226
dataset_2,5.208800030334152,0.7376530559506103
dataset_2,5.22682355985088,0.7665029901317227
dataset_2,5.244847089367607,0.7655418662054913
dataset_2,5.262870618884334,0.7143687646145158
dataset_2,5.280894148401061,0.737561433875587
dataset_2,5.298917677917788,0.7103113730003422
dataset_2,5.316941207434516,0.73057775485865
dataset_2,5.3349647369512425,0.714122426588517
dataset_2,5.35298826646797,0.7798573822205424
dataset_2,5.371011795984697,0.7450883783460238
dataset_2,5.389035325501424,0.7298217473927396
dataset_2,5.4070588550181515,0.7721837685316687
dataset_2,5.425082384534878,0.676466032908606
dataset_2,5.443105914051606,0.682535344202546
dataset_2,5.461129443568333,0.7653163499767283
dataset_2,5.4791529730850606,0.7455950564116756
dataset_2,5.497176502601787,0.7526243053530062
dataset_2,5.515200032118514,0.7085698523995669
dataset_2,5.533223561635242,0.7477777244167378
dataset_2,5.551247091151969,0.8079027712329121
dataset_2,5.569270620668696,0.7753339442773017
dataset_2,5.587294150185423,0.7579357544072716
dataset_2,5.60531767970215,0.741857229359302
dataset_2,5.623341209218878,0.7446622768113178
dataset_2,5.6413647387356045,0.696028422043334
dataset_2,5.659388268252332,0.766549145997946
dataset_2,5.677411797769059,0.7850559344790683
dataset_2,5.695435327285786,0.7165675032099207
dataset_2,5.7134588568025135,0.7445047407762638
dataset_2,5.73148238631924,0.7316672020343666
dataset_2,5.749505915835968,0.7387228107275708
dataset_2,5.767529445352695,0.7696774729042298
dataset_2,5.785552974869422,0.7093646410290355
dataset_2,5.803576504386149,0.7888806990546864
dataset_2,5.821600033902876,0.7944075191829777
dataset_2,5.839623563419604,0.7668415390386074
dataset_2,5.857647092936331,0.703866786043971
dataset_2,5.8756706224530575,0.748263280298774
dataset_2,5.893694151969785,0.8141970964787185
dataset_2,5.911717681486512,0.6997152384485521
dataset_2,5.92974121100324,0.7714595286874912
dataset_2,5.9477647405199665,0.7488650240524709
dataset_2,5.965788270036693,0.8077126907655715
dataset_2,5.983811799553421,0.7664015008151418
dataset_2,6.001835329070148,0.7990647874993633
dataset_2,6.0198588585868755,0.8051975948309564
dataset_2,6.037882388103602,0.8433980605243541
dataset_2,6.055905917620329,0.7859013320370872
dataset_2,6.073929447137057,0.8040964689707638
dataset_2,6.091952976653784,0.75174287174979
dataset_2,6.109976506170511,0.8305451186115645
dataset_2,6.128000035687238,0.7755895743416248
dataset_2,6.146023565203966,0.7828105001241256
dataset_2,6.164047094720693,0.7998226701090435
dataset_2,6.1820706242374195,0.7567214655642608
dataset_2,6.200094153754147,0.8099587925874563
dataset_2,6.218117683270874,0.8327511418372787
dataset_2,6.236141212787602,0.81468260175763
dataset_2,6.2541647423043285,0.7617068814107114
dataset_2,6.272188271821055,0.8054926291751624
dataset_2,6.290211801337783,0.8319507156638759
dataset_2,6.30823533085451,0.7576254447420433
dataset_2,6.3262588603712375,0.7822681789194226
dataset_2,6.344282389887964,0.8401011371813234
dataset_2,6.362305919404691,0.8239833146833713
dataset_2,6.380329448921419,0.8294980377676043
dataset_2,6.398352978438146,0.8727582647701652
dataset_2,6.416376507954873,0.8339520766905273
dataset_2,6.4344000374716,0.8408313243313387
dataset_2,6.452423566988327,0.9015850062356615
dataset_2,6.470447096505055,0.8184325431612149
dataset_2,6.4884706260217815,0.8029437752712393
dataset_2,6.506494155538509,0.8397750248191722
dataset_2,6.524517685055236,0.8414913488567904
dataset_2,6.542541214571963,0.8149616085948647
dataset_2,6.5605647440886905,0.8017292829005521
dataset_2,6.578588273605417,0.8997431147694063
dataset_2,6.596611803122145,0.8437944251680649
dataset_2,6.614635332638872,0.8145536060830689
dataset_2,6.6326588621555995,0.8635832692056222
dataset_2,6.650682391672326,0.8353219254278982
dataset_2,6.668705921189053,0.8325387670487422
dataset_2,6.686729450705781,0.8574759119860041
dataset_2,6.704752980222508,0.8052371657777895
dataset_2,6.722776509739235,0.8541470405311355
dataset_2,6.740800039255962,0.9006205757238475
dataset_2,6.758823568772689,0.8601520988756048
dataset_2,6.776847098289417,0.8371547551270535
dataset_2,6.7948706278061435,0.8347252172848151
dataset_2,6.812894157322871,0.8388750682231458
dataset_2,6.830917686839598,0.8447458553966203
dataset_2,6.848941216356325,0.842512540976468
dataset_2,6.8669647458730525,0.8812719025510453
dataset_2,6.884988275389779,0.8060127881641628
dataset_2,6.903011804906507,0.8823834091097488
dataset_2,6.921035334423234,0.8478216331760287
dataset_2,6.939058863939961,0.8710315022553976
dataset_2,6.957082393456688,0.8288826931766032
dataset_2,6.975105922973415,0.9012074630210822
dataset_2,6.993129452490143,0.9001348936931747
dataset_2,7.01115298200687,0.8931893939342279
dataset_2,7.0291765115235965,0.8229746150505939
dataset_2,7.047200041040324,0.8920586297464544
dataset_2,7.065223570557051,0.8811093751205453
dataset_2,7.083247100073779,0.8243082153439187
dataset_2,7.1012706295905055,0.871328114927017
dataset_2,7.119294159107232,0.8838790421975147
dataset_2,7.13731768862396,0.8907234886611417
dataset_2,7.155341218140687,0.8810756785763809
dataset_2,7.1733647476574145,0.8856723949796695
dataset_2,7.191388277174141,0.9211557668512106
dataset_2,7.209411806690868,0.9152945980837726
dataset_2,7.227435336207596,0.7982519422247447
dataset_2,7.245458865724323,0.8732563949981178
dataset_2,7.26348239524105,0.8789627406649896
dataset_2,7.281505924757777,0.8343539982116126
dataset_2,7.299529454274505,0.8890165050191837
dataset_2,7.317552983791232,0.9236782975434411
dataset_2,7.3355765133079585,0.8574398012464427
dataset_2,7.353600042824686,0.8998561767626444
dataset_2,7.371623572341413,0.8649265537551429
dataset_2,7.389647101858141,0.8732497245009226
dataset_2,7.4076706313748675,0.9366579035995237
dataset_2,7.425694160891594,0.8795246665882414
dataset_2,7.443717690408322,0.9098377187312409
dataset_2,7.461741219925049,0.8436363187776073
dataset_2,7.4797647494417765,0.9528366311637009
dataset_2,7.497788278958503,0.9176741959735772
dataset_2,7.51581180847523,0.8962280440558369
dataset_2,7.533835337991958,0.9193953345840973
dataset_2,7.551858867508685,0.863244320359402
dataset_2,7.569882397025412,0.9394387722190047
dataset_2,7.587905926542139,0.8971269196974616
dataset_2,7.605929456058866,0.9018348637812976
dataset_2,7.623952985575594,0.8947588624276831
dataset_2,7.6419765150923205,0.8934218495129034
dataset_2,7.660000044609048,0.9315265908925172
dataset_2,7.678023574125775,0.9200722558505191
dataset_2,7.696047103642502,0.9327449596876096
dataset_2,7.7140706331592295,0.9148736356694572
dataset_2,7.732094162675956,0.9311885455143175
dataset_2,7.750117692192684,0.9054625673571455
dataset_2,7.768141221709411,0.9832549160496675
dataset_2,7.7861647512261385,0.8746750969283518
dataset_2,7.804188280742865,0.9576747375531909
dataset_2,7.822211810259592,0.9619780920246139
dataset_2,7.84023533977632,0.8990011350537644
dataset_2,7.858258869293047,0.9892951816353552
dataset_2,7.876282398809774,0.9548279497112266
dataset_2,7.894305928326501,0.9553245145538906
dataset_2,7.912329457843228,0.9292557916574287
dataset_2,7.930352987359956,0.9233608673495018
dataset_2,7.9483765168766825,0.9247798882890743
dataset_2,7.96640004639341,0.943315436202941
dataset_2,7.984423575910137,0.9737228218342255
dataset_2,8.002447105426864,0.9396400921822955
dataset_2,8.02047063494359,0.9092298799052975
dataset_2,8.03849416446032,0.9605966348311534
dataset_2,8.056517693977046,0.9645708951379652
dataset_2,8.074541223493773,0.9580415917012356
dataset_2,8.0925647530105,0.9618406740243373
dataset_2,8.110588282527226,0.9336246522694488
dataset_2,8.128611812043955,0.9157669512019697
dataset_2,8.146635341560682,0.9186898489657335
dataset_2,8.164658871077409,0.8976697189361478
dataset_2,8.182682400594135,0.9529638459516662
dataset_2,8.200705930110862,0.9448583502289094
dataset_2,8.21872945962759,0.9357054265095823
dataset_2,8.236752989144318,0.8641276859670325
dataset_2,8.254776518661044,0.9146670458554249
dataset_2,8.272800048177771,0.9842812341965024
dataset_2,8.290823577694498,0.933805958607554
dataset_2,8.308847107211227,0.9645888590919569
dataset_2,8.326870636727953,0.9150969949728265
dataset_2,8.34489416624468,0.998035940676681
dataset_2,8.362917695761407,0.953411856925195
dataset_2,8.380941225278134,0.9670937091359814
dataset_2,8.398964754794862,1.027079528929507
dataset_2,8.41698828431159,1.0048077187678897
dataset_2,8.435011813828316,0.9532269188293362
dataset_2,8.453035343345043,0.9460615912890668
dataset_2,8.47105887286177,0.9549201623765081
dataset_2,8.489082402378498,0.9801911530433218
dataset_2,8.507105931895225,0.963521792438843
dataset_2,8.525129461411952,0.9562490558416603
dataset_2,8.543152990928679,1.0112039135742692
dataset_2,8.561176520445406,0.9665908279980854
dataset_2,8.579200049962134,1.0374815907559802
dataset_2,8.597223579478861,0.9747228625888792
dataset_2,8.615247108995588,1.02481485189198
dataset_2,8.633270638512315,0.9846264330189215
